address, born_chain, born_day, born_time
0x32994187a9b549f8d4359aa2acd514b441c821ef, bsc, 2023-03-13, 15:19:19
0x5466fcfe295abfd3b4a5e06974b0a0049204d686, bsc, 2023-03-13, 15:19:22
0x0fda0d63d4d3e19485042275a52f5f0e47f2986c, bsc, 2023-03-13, 15:19:19
0x0abb8fa3091ff5aa97af0fb6ac1f35c1c324bb2b, bsc, 2023-03-13, 15:19:19
0x2d8e77e4fa672e4898a3b8c953169d0fb8b104f1, bsc, 2023-03-13, 15:19:19
0x4d188b6bed2c78ee10e41662f37dea376e11b97e, bsc, 2023-03-13, 15:19:19
0x6aaa288d2ba5b7b03a05fa74a364190c44e3c289, bsc, 2023-03-13, 15:19:22
0x4debadef6506ea94668f6bc9c3c85680d51bccf0, bsc, 2023-03-13, 15:19:19
0x4dc65082cd9bd7ed3b9ab0232d687d5039aa2c38, bsc, 2023-03-13, 15:19:19
0x77112be2ce4e09a8e3f96013fcf693e817f08211, bsc, 2023-03-13, 15:19:19
0x8dfcc5e5feba41bc4fab0c3a063ebbd10150d780, bsc, 2023-03-13, 15:19:19
0xc48e30402b7a64bbd4a2b2686c8844f2b91cd530, bsc, 2023-03-13, 15:19:19
0x9a5fcd16eee469a560fd6723c49bc0258893fc72, bsc, 2023-03-13, 15:19:19
0xe476181780441c5db3d2000039dc6e0216cb1b57, bsc, 2023-03-13, 15:19:19
0xee7646d95c7c557a14c83cac6dfda2dd36129097, bsc, 2023-03-13, 15:19:22
0xdce0be6a41a23649c06a498159d1abad9152bd05, bsc, 2023-03-13, 15:19:19
0xff60d8c7157b11b7daa4a75a302fbeef4c48602a, bsc, 2023-03-13, 15:19:19
0xfa7c10095b6b78bcc257fe3d557f9030fdc11883, bsc, 2023-03-13, 15:19:19
0xf21dc84550a74ea4c2c633a118702d818c7799e9, bsc, 2023-03-13, 15:19:19
0x01f403e870443154a29213b08af328e409b17246, bsc, 2023-03-13, 16:48:55
0xffa2fb86399e0e28a3ea25eba943ad5d29c4d5bb, bsc, 2023-03-13, 15:19:19
0x11247c1834c34f65b1a9703bac2d55680191bf39, bsc, 2023-03-13, 17:25:25
0x211eba96eb5f94867500ab270317bfe322a3cb61, bsc, 2023-03-13, 16:16:13
0x314ee100338120ccb4a0d0aa28447bc355c6e9ca, bsc, 2023-03-13, 16:16:13
0x1869c1421abe9368625d80c673c17916fa8eae58, bsc, 2023-03-13, 17:54:28
0x30cae2cd8f9f8fb7030e8c0605c1ff2e8e6b7cdb, bsc, 2023-03-13, 17:53:25
0x2f048b72d4098068212af355bb427fc74b11f5d6, bsc, 2023-03-13, 17:25:46
0x37b88ad81593cf200e53d4532650783e41cb2bbb, bsc, 2023-03-13, 16:16:13
0x36abe92693f775b39953c8e43bdb642c199663e6, bsc, 2023-03-13, 16:16:13
0x3d4c368f59b44354fefc9631b8358762ec77626f, bsc, 2023-03-13, 16:16:13
0x39f494da0ec9b5f37829eb3a0a081245b0c6e4d8, bsc, 2023-03-13, 16:48:55
0x3c375b8c1736a9844944a538edeaa1f28fac0383, bsc, 2023-03-13, 17:25:25
0x40372ff474a570ae62bdc8ae0a8196b5ca19ec70, bsc, 2023-03-13, 16:48:55
0x4aaa3263712028ae5bb48968a727af4df3c71e31, bsc, 2023-03-13, 16:48:55
0x444f56296d16ae95da4912dc1bc973a2d0d4e807, bsc, 2023-03-13, 16:16:13
0x532bebe65fd2c0706bd9064386293c87177575c1, bsc, 2023-03-13, 17:53:25
0x4aa4cdfafd405e15371715b8472cf2294b791fcc, bsc, 2023-03-13, 16:48:55
0x4ebf9543ef80e8749af3db00ea8abc0e64314255, bsc, 2023-03-13, 17:53:25
0x5579db89476fec1afd01e6a244f8cd7998e2ff66, bsc, 2023-03-13, 16:48:55
0x5a203e58dc11ad1706aedf75c8eef6af6dad038b, bsc, 2023-03-13, 17:25:25
0x54c3e41f9c65efa77f94309746f628c1b5ff682a, bsc, 2023-03-13, 16:48:55
0x5ab04b27fb1e70381c9c9b76dd107de348682b5a, bsc, 2023-03-13, 17:53:28
0x5aa2d4532cfe704f291967e15609107ea1dd7086, bsc, 2023-03-13, 17:25:25
0x6d7be1d93cc95f45fd56a613b2e59fb55fa45f0a, bsc, 2023-03-13, 17:25:25
0x5e5d0daa95d8ff44d128c0abf8f81831875a4874, bsc, 2023-03-13, 16:16:13
0x753a489e2b5196a63e7663ca56601afb7ba6a16f, bsc, 2023-03-13, 17:53:25
0x6393f30343415bcdfa815929ae4265a708d055ce, bsc, 2023-03-13, 17:25:25
0x764924c031799e04a92c99c0453ed6b43a672134, bsc, 2023-03-13, 16:16:13
0x8a047f9471f5662e56bcfb31618ddda6a1705c24, bsc, 2023-03-13, 16:16:13
0x9157678ebd6beb92e5e701dd877cfe3c1a1fab6d, bsc, 2023-03-13, 17:25:25
0x7ba772db071911b3a8632d8dc65f955952abeeeb, bsc, 2023-03-13, 16:48:55
0x86116b84565ebe98c3d2eeacca1869d8a9fd977f, bsc, 2023-03-13, 17:53:25
0x76701e387873116a53ad70db4d8b803d95b41dcf, bsc, 2023-03-13, 17:53:25
0x935bb37769836641e8dc34a7f899f076dac886ff, bsc, 2023-03-13, 17:53:25
0x93bfaf843a7dd97053140df4506519d9f981365c, bsc, 2023-03-13, 17:53:25
0x9a3bc9e7374cc22d0d6498e20dd0138914fbea15, bsc, 2023-03-13, 17:25:25
0x9563e65393a4dd815a7bcad696fbd062f00d1828, bsc, 2023-03-13, 16:16:13
0x9ac2b0fd164fa009666931b0dfbcd2fe9d137342, bsc, 2023-03-13, 16:48:55
0x97f420f3f90f39733c7d837c0318769196ca6d08, bsc, 2023-03-13, 17:25:25
0x9cc0dac44e59bbd89d2f2cb1a2a246b3030aafba, bsc, 2023-03-13, 16:16:13
0x9e66f4f58af6f414aae77ca0d2c569e730867cb0, bsc, 2023-03-13, 16:48:55
0xa07a5ba5fd509f7195fa937c52fd145035802261, bsc, 2023-03-13, 17:53:28
0xa21215dacc568018c59996557f0489af4197959f, bsc, 2023-03-13, 16:48:55
0xa2f4f108e0d8c76c41f383ecf7fbfdd621cb6240, bsc, 2023-03-13, 16:48:55
0xa6f451f718de357ce91a70b96f35943fefe38e32, bsc, 2023-03-13, 17:25:25
0xa6814bdb05d00599962a23b8239a7a47e85c7518, bsc, 2023-03-13, 17:25:31
0xa97ff25ddee8dfd2151d07fa13799b5f16237967, bsc, 2023-03-13, 17:25:25
0xa8eb0d3b807420e729a2bdd9a22b9ce02be29f69, bsc, 2023-03-13, 17:25:25
0xaf2fe4adee132f1eb9cd52d8fc470b4cf451b3db, bsc, 2023-03-13, 16:48:55
0xa9740eadf2b0cdb1938f61f3e9cf383d1d32bd33, bsc, 2023-03-13, 16:48:55
0xb097fc4ba89cf60f5d256457979aeab9e220a2a4, bsc, 2023-03-13, 17:53:25
0xb544cc37c5606c4aacb8618863a0b2936f707281, bsc, 2023-03-13, 17:53:25
0xb3beed5c40479d518d597f455c2bced8dbe6f12d, bsc, 2023-03-13, 17:25:25
0xb61546ae812e9b23c9c8523da92d4115cb0007e6, bsc, 2023-03-13, 16:49:10
0xb6eb9fba9171acaddcdded9ca324cc84729ea940, bsc, 2023-03-13, 16:16:13
0xb82b54dc56a32154d05c10f29f740abeccddbd4f, bsc, 2023-03-13, 17:25:25
0xb6528e897b9ff816636e0b477e04a4949a14b5a2, bsc, 2023-03-13, 16:48:55
0xc42eac46ab20e51500db9d2dbbf31f367d9e1f90, bsc, 2023-03-13, 17:25:25
0xbb4bb716c2b2366d2a539bcc85af2f4edb8833c2, bsc, 2023-03-13, 17:53:25
0xcc5f53195ffb6235c7138703ff1f184b02de318f, bsc, 2023-03-13, 17:25:25
0xcceb519bdf3d2f556637ef9ab5f3fd1fcb73ac06, bsc, 2023-03-13, 16:16:13
0xcd02cc96b09f728c46dc9b67201bf2b4c21a34e6, bsc, 2023-03-13, 16:16:13
0xcce8d2859a0d12fd02ec2add41833b237fd7873e, bsc, 2023-03-13, 17:53:25
0xce0bf52d07d858036f0da3e78ecb12ef0b74ed09, bsc, 2023-03-13, 16:16:13
0xd0f338d3954eec52a48698eda2215bffdd8e92af, bsc, 2023-03-13, 16:48:55
0xd611b8f3d6f1bba2202efba3f833cac0d56f4c3e, bsc, 2023-03-13, 17:53:25
0xd6cc8cf079ab30d241912ff2da2e636ebf5784f6, bsc, 2023-03-13, 17:25:25
0xd80fa22d0c206882a981aff3d1186235cf82d0f8, bsc, 2023-03-13, 17:53:25
0xd8d3efedaef9a291f0826dd704adc3453672e194, bsc, 2023-03-13, 17:53:25
0xda7c291fa7da9f378f215917f3fdc452125ab870, bsc, 2023-03-13, 16:48:55
0xd8f39a5e907af689892735bb40a9cd6c83b50a32, bsc, 2023-03-13, 16:16:13
0xe90bf3b4380b8aa6a63527da667f248806f8d8ad, bsc, 2023-03-13, 16:16:13
0xe4c42062d1cd085b5e92bbcafcbabcadf1978775, bsc, 2023-03-13, 16:16:13
0xe62bc98fca627693a4ac5fecdc72899be42b31b3, bsc, 2023-03-13, 16:48:55
0xdcc2b1cda0ae7c7bef5ed7cf6e837b8efb49819f, bsc, 2023-03-13, 16:48:55
0xf0b9bb8f2cd0e711d7aed44186faa077a38f1a15, bsc, 2023-03-13, 17:53:28
0xf07a1765e1241b3769c076055548170bc24a5165, bsc, 2023-03-13, 16:16:10
0xf1c0da50afd9dce147688860fcaa7bd67600a30a, bsc, 2023-03-13, 16:16:13
0xf28878a58eb9508472db374ea7f2dd444edfd98c, bsc, 2023-03-13, 17:25:25
0xff7ac52904d0fe40789344b924d167fa2f61ce33, bsc, 2023-03-13, 17:53:25
