Address,contract,time
0x02e0dc6c814a429a946e0384f2d8fb22e57826d7,0x6d7fac73257bbb836197f5a3b3386aeaebab66bd,2024-04-12 08:48:13.000 UTC
0x05fbaec0ccb584540649764030655c29fe19a659,0x6d7fac73257bbb836197f5a3b3386aeaebab66bd,2024-04-12 12:13:16.000 UTC
0x0770d9133ecb738cb49ab875660602172bc2241e,0x6d7fac73257bbb836197f5a3b3386aeaebab66bd,2024-04-12 08:43:49.000 UTC
0x08f5201edcb2707ba3abb6d6b8f12377a5b4d9b0,0x6d7fac73257bbb836197f5a3b3386aeaebab66bd,2024-04-12 08:43:04.000 UTC
0x0c321ee4c9a125d3521aa355de9ac1a3953d01ef,0x6d7fac73257bbb836197f5a3b3386aeaebab66bd,2024-04-12 08:17:49.000 UTC
0x0d7a54627a94c75b0891a06394eec532346ada87,0x6d7fac73257bbb836197f5a3b3386aeaebab66bd,2024-04-12 05:48:10.000 UTC
0x0e268d9eeb6d652b3a6500742d98de895e9d6068,0x6d7fac73257bbb836197f5a3b3386aeaebab66bd,2024-04-12 08:14:04.000 UTC
0x11a633dcbfb7539af756db145fdadeecafef27a4,0x6d7fac73257bbb836197f5a3b3386aeaebab66bd,2024-04-12 10:39:43.000 UTC
0x12e68b4fb757dc13c67e59fe28742a1cb0c94852,0x6d7fac73257bbb836197f5a3b3386aeaebab66bd,2024-04-12 08:13:49.000 UTC
0x136c3a6bf4eeb96c5d04cfedca63c3427993c4c8,0x6d7fac73257bbb836197f5a3b3386aeaebab66bd,2024-04-12 08:51:07.000 UTC
0x18477006e8ca9dcf816431fc3dd6a0eff07267e1,0x6d7fac73257bbb836197f5a3b3386aeaebab66bd,2024-04-12 10:41:55.000 UTC
0x19d621b9b268eb3b3ea5b92c3018f2e3ac59adcc,0x6d7fac73257bbb836197f5a3b3386aeaebab66bd,2024-04-12 08:51:37.000 UTC
0x1eeca198fd8b155f43e88c24d2b9d4c3b0cf9dd8,0x6d7fac73257bbb836197f5a3b3386aeaebab66bd,2024-04-12 12:16:31.000 UTC
0x21a15c260b2be02326d94c73ffcd0bcec37e9bc0,0x6d7fac73257bbb836197f5a3b3386aeaebab66bd,2024-04-12 12:00:04.000 UTC
0x2344b37328f79af80b1017e6e0103be894b4cd09,0x6d7fac73257bbb836197f5a3b3386aeaebab66bd,2024-04-12 12:14:16.000 UTC
0x23b08860878689e63c2c4be7f58a98cd2a11d8ad,0x6d7fac73257bbb836197f5a3b3386aeaebab66bd,2024-04-12 08:49:40.000 UTC
0x26ea70cb2c0de409e1514c1f79e45a8e5ef73357,0x6d7fac73257bbb836197f5a3b3386aeaebab66bd,2024-04-12 12:15:58.000 UTC
0x285e4f157f168f558127864726382870c08476f5,0x6d7fac73257bbb836197f5a3b3386aeaebab66bd,2024-04-12 12:08:13.000 UTC
0x2bf7e1518da873613ec4e0cac18d7044e3c79a2a,0x6d7fac73257bbb836197f5a3b3386aeaebab66bd,2024-04-12 08:20:13.000 UTC
0x33404937244b09d47c6fff935742e326e7ee14a1,0x6d7fac73257bbb836197f5a3b3386aeaebab66bd,2024-04-12 08:18:16.000 UTC
0x37289ca07c219f83a722cc968d1d2f710cce0baa,0x6d7fac73257bbb836197f5a3b3386aeaebab66bd,2024-04-12 12:00:34.000 UTC
0x3dbf6aa9083b70bea211c42b99597fb575f3576e,0x6d7fac73257bbb836197f5a3b3386aeaebab66bd,2024-04-12 11:56:07.000 UTC
0x3e2dc56f12eedea1cd2d48f4ff5ba7281d84d2df,0x6d7fac73257bbb836197f5a3b3386aeaebab66bd,2024-04-12 10:41:10.000 UTC
0x3e3cad3bb276b89f6bd7fff2c132776b53fb3bd8,0x6d7fac73257bbb836197f5a3b3386aeaebab66bd,2024-04-12 08:47:16.000 UTC
0x4c34058ed0e8471e6b7dab815a59668c72d01a9d,0x6d7fac73257bbb836197f5a3b3386aeaebab66bd,2024-04-12 08:45:40.000 UTC
0x4d44460d349cb1a4a38810ce2b2a9c4048e8ca2a,0x6d7fac73257bbb836197f5a3b3386aeaebab66bd,2024-04-12 08:52:55.000 UTC
0x4dcfcdd3909877e547538f09f4e27837b29e1106,0x6d7fac73257bbb836197f5a3b3386aeaebab66bd,2024-04-12 12:11:22.000 UTC
0x4f004b120e664180d6678193dc171c09a8a19d50,0x6d7fac73257bbb836197f5a3b3386aeaebab66bd,2024-04-12 08:48:49.000 UTC
0x4fa282528d93dd33e258875d4a54f7ed2ab1bba7,0x6d7fac73257bbb836197f5a3b3386aeaebab66bd,2024-04-12 08:44:16.000 UTC
0x54804113d5319e7425ede7193e3ba696920c71a5,0x6d7fac73257bbb836197f5a3b3386aeaebab66bd,2024-04-12 10:45:07.000 UTC
0x5597fbe43d8b63752eaa163dff728ab724f70ce5,0x6d7fac73257bbb836197f5a3b3386aeaebab66bd,2024-04-12 08:22:01.000 UTC
0x574f36b4a826e25717b67e558f002ee5a41fb67f,0x6d7fac73257bbb836197f5a3b3386aeaebab66bd,2024-04-12 05:43:39.000 UTC
0x5ae542a2e64af75b3bae33ea78efafe93ea7bb98,0x6d7fac73257bbb836197f5a3b3386aeaebab66bd,2024-04-12 08:53:19.000 UTC
0x63946d44fbe88a3545d5a137223ae6b738933b75,0x6d7fac73257bbb836197f5a3b3386aeaebab66bd,2024-04-12 10:38:55.000 UTC
0x640fe4e827a9f838ab8490396e421728802ceb6a,0x6d7fac73257bbb836197f5a3b3386aeaebab66bd,2024-04-12 08:12:37.000 UTC
0x66d23baca69424311c3e71c0001e9941e847d36b,0x6d7fac73257bbb836197f5a3b3386aeaebab66bd,2024-04-12 08:18:31.000 UTC
0x6ba3f3ae8f036a239c9abe8739647f758f828b10,0x6d7fac73257bbb836197f5a3b3386aeaebab66bd,2024-04-12 05:50:40.000 UTC
0x6d96aee6f67ed521d92554463e2ddae7b9893109,0x6d7fac73257bbb836197f5a3b3386aeaebab66bd,2024-04-12 08:14:55.000 UTC
0x6eb7f9ea8cf39476535d542bba713305fd509cb7,0x6d7fac73257bbb836197f5a3b3386aeaebab66bd,2024-04-12 08:17:16.000 UTC
0x6f84c4577519738a27a983b1a9b01c4ea12f5083,0x6d7fac73257bbb836197f5a3b3386aeaebab66bd,2024-04-12 05:47:45.000 UTC
0x71ccefca718cad490f710c2e73be7e93421e678b,0x6d7fac73257bbb836197f5a3b3386aeaebab66bd,2024-04-12 08:50:25.000 UTC
0x72d90dd6f6979291b610248d0140c75b19507167,0x6d7fac73257bbb836197f5a3b3386aeaebab66bd,2024-04-12 10:39:16.000 UTC
0x7383d05a9a127564c4b9b23fa17ab76fb7ea2e10,0x6d7fac73257bbb836197f5a3b3386aeaebab66bd,2024-04-12 08:22:58.000 UTC
0x76214fc5a428f22ff3eb57c5fcd76db3cdadaa69,0x6d7fac73257bbb836197f5a3b3386aeaebab66bd,2024-04-12 08:21:37.000 UTC
0x77386d53e8d50c9263298d08636de0f92811b60e,0x6d7fac73257bbb836197f5a3b3386aeaebab66bd,2024-04-12 12:07:40.000 UTC
0x789f8b1a8e7f3043213e2c527eed9e7bf5ca282e,0x6d7fac73257bbb836197f5a3b3386aeaebab66bd,2024-04-12 08:45:16.000 UTC
0x78d93c1683da2fe75e488bc6b6a3cedf7044c46c,0x6d7fac73257bbb836197f5a3b3386aeaebab66bd,2024-04-12 12:07:07.000 UTC
0x7b9057e3ca0952a72e029c4c4fe186d724111db4,0x6d7fac73257bbb836197f5a3b3386aeaebab66bd,2024-04-12 08:21:13.000 UTC
0x7e469966edf7396e11000e558d81609ab237a1e1,0x6d7fac73257bbb836197f5a3b3386aeaebab66bd,2024-04-12 08:42:16.000 UTC
0x81b14b5107e15034f7a7a35b177fde275deebab9,0x6d7fac73257bbb836197f5a3b3386aeaebab66bd,2024-04-12 08:19:49.000 UTC
0x8257e914e03a4376635a9a89aaf20453d5c05abc,0x6d7fac73257bbb836197f5a3b3386aeaebab66bd,2024-04-12 08:19:28.000 UTC
0x8403198132e9f76f7bb62c519f4d45a29392307e,0x6d7fac73257bbb836197f5a3b3386aeaebab66bd,2024-04-12 08:53:43.000 UTC
0x869dc8cdd7913ed34288cb7df94d1d857b662046,0x6d7fac73257bbb836197f5a3b3386aeaebab66bd,2024-04-12 08:42:40.000 UTC
0x877174c9379798fc834ce1bda3e3d73fe2103244,0x6d7fac73257bbb836197f5a3b3386aeaebab66bd,2024-04-12 08:20:46.000 UTC
0x87cd55aeacdeaf2cea734a8c48635471c53950b9,0x6d7fac73257bbb836197f5a3b3386aeaebab66bd,2024-04-12 12:10:55.000 UTC
0x8915ff892b07fa635e86fbf0e469deb5bba99192,0x6d7fac73257bbb836197f5a3b3386aeaebab66bd,2024-04-12 08:12:37.000 UTC
0x8a3546815b850714b53ddbe0b4f0a72531301011,0x6d7fac73257bbb836197f5a3b3386aeaebab66bd,2024-04-12 05:49:55.000 UTC
0x8c8520a29b179b0a3ed832ce9629f96238c58546,0x6d7fac73257bbb836197f5a3b3386aeaebab66bd,2024-04-12 08:49:16.000 UTC
0x8ec0b21381935e5607da0f3a3cd23f804ce6df5b,0x6d7fac73257bbb836197f5a3b3386aeaebab66bd,2024-04-12 08:11:18.000 UTC
0x948c3d128844d9658e390d060c2591e55f91dbe4,0x6d7fac73257bbb836197f5a3b3386aeaebab66bd,2024-04-12 05:37:44.000 UTC
0x96623c2e2051f3a968933c8e72cea2cb6dab98d0,0x6d7fac73257bbb836197f5a3b3386aeaebab66bd,2024-04-12 10:40:40.000 UTC
0xac7ac2f478251713a17a2cfe15c9ed4dce281eb3,0x6d7fac73257bbb836197f5a3b3386aeaebab66bd,2024-04-12 05:49:04.000 UTC
0xb3ccd930e982fadb242a991c86d121557f8ec5e1,0x6d7fac73257bbb836197f5a3b3386aeaebab66bd,2024-04-12 08:18:28.000 UTC
0xba7f7d9478a0d949b2ff91aaadce27e5c218acaf,0x6d7fac73257bbb836197f5a3b3386aeaebab66bd,2024-04-12 12:15:28.000 UTC
0xbb0dac174b8d006080946697ed2d580bbb24a333,0x6d7fac73257bbb836197f5a3b3386aeaebab66bd,2024-04-12 05:40:02.000 UTC
0xbb4b470497bab56851d971ddf1117fc4cfdbab65,0x6d7fac73257bbb836197f5a3b3386aeaebab66bd,2024-04-12 12:13:43.000 UTC
0xbc7f0640e6352b8ab551a83de28bf75c1d0ca9c5,0x6d7fac73257bbb836197f5a3b3386aeaebab66bd,2024-04-12 08:14:28.000 UTC
0xbd86813062de17d1db75dd417fac5a2acde1af60,0x6d7fac73257bbb836197f5a3b3386aeaebab66bd,2024-04-12 08:22:28.000 UTC
0xbda5e7816f049786ec3482260abe875a93cc8bf5,0x6d7fac73257bbb836197f5a3b3386aeaebab66bd,2024-04-12 10:44:40.000 UTC
0xc189f50fafa09d3cf5885dc6a05694a27bc460e0,0x6d7fac73257bbb836197f5a3b3386aeaebab66bd,2024-04-12 08:41:52.000 UTC
0xc22b605d3a09bc8066090e818a38e8aa4bee605f,0x6d7fac73257bbb836197f5a3b3386aeaebab66bd,2024-04-12 08:47:49.000 UTC
0xc3b232a52fad1b7b8859ef19f0844eec48892cfd,0x6d7fac73257bbb836197f5a3b3386aeaebab66bd,2024-04-12 05:38:56.000 UTC
0xc915f5e95ef060312d388417d2703116a480701e,0x6d7fac73257bbb836197f5a3b3386aeaebab66bd,2024-04-12 10:44:07.000 UTC
0xcdfb19c9270a76fbab172eb40392e0f13e83d454,0x6d7fac73257bbb836197f5a3b3386aeaebab66bd,2024-04-12 05:42:24.000 UTC
0xd250e5e09f42a88764256b99f048b09e5fe4c38d,0x6d7fac73257bbb836197f5a3b3386aeaebab66bd,2024-04-12 10:45:46.000 UTC
0xd2592ee64a86a0d235e8377a693483980edcba81,0x6d7fac73257bbb836197f5a3b3386aeaebab66bd,2024-04-12 08:52:22.000 UTC
0xd274b875cffc619b12526079f2fe7205d7277359,0x6d7fac73257bbb836197f5a3b3386aeaebab66bd,2024-04-12 08:54:10.000 UTC
0xd827ae2d6d4196844ff83086555cccf3cac02159,0x6d7fac73257bbb836197f5a3b3386aeaebab66bd,2024-04-12 05:47:45.000 UTC
0xd838d8c4e7b6ab5081bcf6ddac53c366385403f0,0x6d7fac73257bbb836197f5a3b3386aeaebab66bd,2024-04-12 08:17:01.000 UTC
0xda41f82ba33ee6fed85dd100724d5c47286e800f,0x6d7fac73257bbb836197f5a3b3386aeaebab66bd,2024-04-12 05:44:21.000 UTC
0xe44b71eb22168fe1f8e565f4fe03c387318390c4,0x6d7fac73257bbb836197f5a3b3386aeaebab66bd,2024-04-12 08:17:01.000 UTC
0xec7c710e4cedaeeaa26e9e25652ed4f7f327a5bf,0x6d7fac73257bbb836197f5a3b3386aeaebab66bd,2024-04-12 12:06:22.000 UTC
0xf4765edbdf15b6c3093b3e66d08e70dead1e47a9,0x6d7fac73257bbb836197f5a3b3386aeaebab66bd,2024-04-12 05:51:19.000 UTC
0xfb904d1156f00333c3f04f4725bfd1417ef6d181,0x6d7fac73257bbb836197f5a3b3386aeaebab66bd,2024-04-12 08:46:22.000 UTC
